[
    {
        "title": "Minute pas\n                    minute",
        "location": "Location not found",
        "weather": "Invalid location"
    },
    {
        "title": "Zef Brozi: Pandëshkueshmëria për aktin terrorist të 21 janarit vazhdon, zvarritja e hetimeve mbron krimet e Sali Berishës",
        "location": "Location not found",
        "weather": "Invalid location"
    },
    {
        "title": "Shkarkoi drejtorin e Ujësjellës-Kanalizimeve, ish-kryebashkiaku i Shkodrës, Bardh Spahia merret i pandehur nga SPAK! Ja për çfarë akuzohet (VIDEO)",
        "location": "Location not found",
        "weather": "Invalid location"
    },
    {
        "title": "Trafik kokaine nga Amerika e Jugut në Europë, goditet grupi i Suel Çelës! Paratë e drogës me autobusë nga Breshia në Elbasan! 5 arrestohen në Shqipëri, 1 në Spanjë, 1 në kërkim (EMRAT)",
        "location": "Elbasan",
        "weather": {
            "temperature": 8.23,
            "description": "light rain"
        }
    },
    {
        "title": "Zgjedhjet e 11 majit/ KQZ tregon se sa të mbyllura do të jenë listat: Për çdo parti, 46 deputetët e parë janë të fiksuar",
        "location": "Location not found",
        "weather": "Invalid location"
    },
    {
        "title": "'Vrasjet e '21 Janarit' të qarta si drita e diellit' Rama: Çdo vit që kalon pa drejtësi njollos reformën e shton barrën e turpit mbi këdo që duhet ta japë",
        "location": "Location not found",
        "weather": "Invalid location"
    },
    {
        "title": "Tiranë/ Zjarr në katin e tetë të një pallati, policia evakuon banorët (VIDEO)",
        "location": "Tiranë",
        "weather": {
            "temperature": 8.51,
            "description": "moderate rain"
        }
    },
    {
        "title": "Xhaxhai i Aleks Nikës: Politika ende i konsideron viktimat e '21 Janarit' si ‘mish për top'! Saliu e Basha thanë ne i vramë, duam të dimë pse!  SPAK e ka marrë seriozisht hetimin",
        "location": "Location not found",
        "weather": "Invalid location"
    },
    {
        "title": "Rama në Davos takon përfaqësuesen e TikTok për Europën: Do rihapet shumë shpejt, por vetëm me garancitë e nevojshme",
        "location": "Location not found",
        "weather": "Invalid location"
    },
    {
        "title": "Zgjedhjet/ Report Tv zbardh propozimet e PD për ndryshimet në Kod: Të votojnë emigrantët me ID ose pasaporta të huaja",
        "location": "Location not found",
        "weather": "Invalid location"
    },
    {
        "title": "Një 'qytet' 1 mld dollarësh vetëm për sportin afër Tiranës, ëndrra e KOKSH me hapa konkretizimi! Fidel Ylli për Report Tv: Po gjejmë fondet",
        "location": "Tiranë",
        "weather": {
            "temperature": 8.51,
            "description": "moderate rain"
        }
    },
    {
        "title": "Dhuna në oborrin mbretëror, Gjykata dënon me 1 vit burg Princ Lekën i konvertohet në shërbim prove! Pafajësi për Elia Zaharinë! Pezullohet me kusht dënimi për të atin, Gjergjin",
        "location": "Location not found",
        "weather": "Invalid location"
    },
    {
        "title": "Prova e fortë në duart e SPAK! Audio e urdhrit për të qëlluar me plumba realë mbi protestuesit e 21 janarit, a do i tregojë eprorët Ndrea Prendi?!",
        "location": "Location not found",
        "weather": "Invalid location"
    },
    {
        "title": "Tjetër rezultat mbreslënës i Lara Colturit, e 4 në botërorin e skive! Podiumi ikën vetëm për disa të qintat",
        "location": "Location not found",
        "weather": "Invalid location"
    },
    {
        "title": "Vrasjet më 21 janar, Berisha i kthehet akuzave të vjetra: Ina Rama 'puçiste', Edi Rama kërkoi pushtetin me dhunë",
        "location": "Location not found",
        "weather": "Invalid location"
    },
    {
        "title": "14 vite nga krimi shtetëror i 21 janarit! Dosja në duart e SPAK, do zbardhë rolin e Berishës dhe Bashës! Provat e Strasburgut që rihapën hetimet",
        "location": "Location not found",
        "weather": "Invalid location"
    },
    {
        "title": "Berisha me sytë nga Donald Trump për \"non gratën\", por në festë ishte Lulzim Basha! Takime me zyrtarë USA për forcimin e bashkëpunimit strategjik",
        "location": "Location not found",
        "weather": "Invalid location"
    },
    {
        "title": "Masakra e 1997 në Kuçovë ku u vranë 4 policë, SPAK kërkon burg përjetë për Fran Marashin",
        "location": "Location not found",
        "weather": "Invalid location"
    },
    {
        "title": "Të gjithë të 'çmendur' pas talentit shkodran të Kombëtares, katër...",
        "location": "Location not found",
        "weather": "Invalid location"
    },
    {
        "title": "‘Mbi 1 trilion $ në inaugurimin e Trump’, ja cilët miliarderë...",
        "location": "Location not found",
        "weather": "Invalid location"
    },
    {
        "title": "Athinë/ Kryepiskopi Anastas në gjendje kritike, dy Mitropolitët e...",
        "location": "Location not found",
        "weather": "Invalid location"
    },
    {
        "title": "Lajme te tjera",
        "location": "Location not found",
        "weather": "Invalid location"
    },
    {
        "title": "“Qytetarët po paguajnë më shumë sigurimin e makinave!” Braçe: AMF të vijë të japë sqarime në Kuvend!",
        "location": "Location not found",
        "weather": "Invalid location"
    },
    {
        "title": "Aktivitete kulturore/ 'Hare në dhimbje' shfaqja në Teatrin Eksperimental! 'Ëndërr në papafingo' komedia në teatrin Skampa",
        "location": "Location not found",
        "weather": "Invalid location"
    },
    {
        "title": "Marco Rubio betohet si Sekretar i Shtetit",
        "location": "Location not found",
        "weather": "Invalid location"
    },
    {
        "title": "VIDEO/ Cristiano Ronaldo shënon nga jashtë zone, i afrohet rekordit absolut",
        "location": "Location not found",
        "weather": "Invalid location"
    },
    {
        "title": "Zyrtare/ Teuta shkarkon Edi Martinin, durrsakët gjejnë trajnerin e ri",
        "location": "Location not found",
        "weather": "Invalid location"
    },
    {
        "title": "Opinion",
        "location": "Location not found",
        "weather": "Invalid location"
    },
    {
        "title": "Enver Robelli: Sërish vjen 10 shkurti",
        "location": "Location not found",
        "weather": "Invalid location"
    },
    {
        "title": "Lorenc Vangjeli: SPAK, ndëshkimi penal dhe zgjidhja politike",
        "location": "Location not found",
        "weather": "Invalid location"
    },
    {
        "title": "Ylli Pata: 2024, viti i rënies së Ilir Metës",
        "location": "Location not found",
        "weather": "Invalid location"
    },
    {
        "title": "Ilir Yzeiri: Një vit që ikën dhe një tjetër që vjen",
        "location": "Location not found",
        "weather": "Invalid location"
    },
    {
        "title": "Jakin Marena: ‘Skifterët’ në PD, ‘babi i Zenit’ dhe tundja e belit në K’cimin e ‘Berishës’",
        "location": "Location not found",
        "weather": "Invalid location"
    },
    {
        "title": "Lajme te tjera",
        "location": "Location not found",
        "weather": "Invalid location"
    },
    {
        "title": "Çarja e ujëmbledhësit të HEC në Bunec, kryebashkiaku i Himarës Vangjel Tavo: U shkaktua nga mbingarkesa e ujit! Sot po punohet për vlerësimin e dëmeve",
        "location": "Location not found",
        "weather": "Invalid location"
    },
    {
        "title": "Itali/ Grupet shqiptare me taktikë të re, makina me qira për të trafikuar kokainën, 2 të arrestuar brenda natës!",
        "location": "Location not found",
        "weather": "Invalid location"
    },
    {
        "title": "Turqi/ Zjarri përfshin resortin e skive, 66 të vdekur dhe 51 të plagosur! Dyshime se erdhi nga restoranti (VIDEO)",
        "location": "Location not found",
        "weather": "Invalid location"
    },
    {
        "title": "Lajmërim publik për Belind Këlliçin: Keni një kallëzim për shpifje në Gjykatën Penale, e kotë të fshiheni si Çlirim Gjata!",
        "location": "Location not found",
        "weather": "Invalid location"
    },
    {
        "title": "A do shkojë në SPAK nëse thirret për 21 Janar? Berisha hesht e sulmon SPAK: Institucion politik, komandohet nga Rama",
        "location": "Location not found",
        "weather": "Invalid location"
    },
    {
        "title": "Shpërdori detyrën për vëllanë ndërtues, SPAK kërkon dënimin me 1.6 vite burg për ish-kryebashkiakun e Pogradecit Eduart Kapri",
        "location": "Location not found",
        "weather": "Invalid location"
    },
    {
        "title": "Tiranë/ TikTok-erja plagosi me thikë 22-vjeçaren, më përpara kanë qenë shoqe! Sherri nisi prej disa djemve që frekuentonin dy vajzat njëkohësisht",
        "location": "Tiranë",
        "weather": {
            "temperature": 8.51,
            "description": "moderate rain"
        }
    },
    {
        "title": "Dosja 'Metamorfoza'/ Në GJKKO gjyqi ndaj Pëllumb Gjokës, Oltion Bistrit e të tjerë, Behar Bajri kërkon largimin e gazetarëve: Më kanë paragjykuar",
        "location": "Location not found",
        "weather": "Invalid location"
    },
    {
        "title": "Ekonomi",
        "location": "Location not found",
        "weather": "Invalid location"
    },
    {
        "title": "Kosova dhe Rajoni",
        "location": "Location not found",
        "weather": "Invalid location"
    },
    {
        "title": "Kultura",
        "location": "Location not found",
        "weather": "Invalid location"
    },
    {
        "title": "Viti i Ri në Shqipërinë e pavarur, kartolina e Mit'hat Frashërit",
        "location": "Location not found",
        "weather": "Invalid location"
    },
    {
        "title": "Aktivitete kulturore/ Baleti “Arrëthyesi” në skenën e TKOB! “Shkodra n’Fest” në sheshin para bashkisë",
        "location": "Location not found",
        "weather": "Invalid location"
    },
    {
        "title": "Pirro Çako, kompozitori i çdo kohe… me apo pa instagram",
        "location": "Location not found",
        "weather": "Invalid location"
    },
    {
        "title": "VIDEOLAJM/ Vizitorët priten me ‘K’cimin e Tropojës’ në tokën shqiptare",
        "location": "Location not found",
        "weather": "Invalid location"
    },
    {
        "title": "‘Në Librari’ me 3 tituj në rinj: ‘Lufta e fshehtë në Shqipëri’, ‘Jeta e shkurtër e Lukas Santanës’ e ‘20 mjeshtrit e hershëm shqiptarë’! ‘Tektonika e Shpirtit’ te Melodia e Vargut",
        "location": "Location not found",
        "weather": "Invalid location"
    },
    {
        "title": "Sport",
        "location": "Location not found",
        "weather": "Invalid location"
    },
    {
        "title": "'Situatë e paimagjinueshme, Ramadani mund të largohet', gazetari italian analizon: Trajneri po e përjashton",
        "location": "Location not found",
        "weather": "Invalid location"
    },
    {
        "title": "Angli/ Goli i vitit pa nisur mirë? Josh Windass shënon një 'perlë' nga mesfusha në Championship (VIDEO)",
        "location": "Location not found",
        "weather": "Invalid location"
    },
    {
        "title": "Premier League/ Arsenal e nis me 'këmbën e mbarë' vitin e ri! Mposht me përmbysje Brentfordin",
        "location": "Location not found",
        "weather": "Invalid location"
    },
    {
        "title": "Rei Manaj me ekip të ri, sulmuesi shqiptar pritet të prezantohet te Trabzonspori",
        "location": "Location not found",
        "weather": "Invalid location"
    },
    {
        "title": "VIDEO/ Anis Mehmeti e nis 2025-ën me gol dhe i dërgon sinjal Sylvinhos para nisjes së fushatës eleminatore për Kupën e Botës",
        "location": "Location not found",
        "weather": "Invalid location"
    },
    {
        "title": "Bota",
        "location": "Location not found",
        "weather": "Invalid location"
    },
    {
        "title": "Dosje",
        "location": "Location not found",
        "weather": "Invalid location"
    },
    {
        "title": "Lajme te tjera",
        "location": "Location not found",
        "weather": "Invalid location"
    },
    {
        "title": "'Jemi 14 vite me vonesë në mbledhjen e provave', gazetari Mahmutaj: Vetë Berisha tha, më 21...",
        "location": "Location not found",
        "weather": "Invalid location"
    },
    {
        "title": "EKSKLUZIVE/ '4 vrasjet e 21 Janarit' - E motra e Ziver Veizit për Report Tv: Berisha e pranoi...",
        "location": "Location not found",
        "weather": "Invalid location"
    },
    {
        "title": "Krimi shtetëror i 21 janarit, avokati i viktimave Idajet Beqiri: Provat se Berisha është autori...",
        "location": "Location not found",
        "weather": "Invalid location"
    },
    {
        "title": "Frrok Çupi: 21 Janari, jeta nuk është rotacion",
        "location": "Location not found",
        "weather": "Invalid location"
    },
    {
        "title": "'Përshëndetje fashiste?' Gjesti i Elon Musk shkakton polemika, reagon miliarderi: Truke të...",
        "location": "Location not found",
        "weather": "Invalid location"
    },
    {
        "title": "Kosovë/ 19 vjet nga vdekja e ish-presidentit Ibrahim Rugova",
        "location": "Location not found",
        "weather": "Invalid location"
    },
    {
        "title": "Kryepolici Proda takohet me ambasadoren e Japonisë: Prioritet lufta ndaj krimit kibernetik me...",
        "location": "Location not found",
        "weather": "Invalid location"
    },
    {
        "title": "Kualifikueset e Kupës së Botës 2026/ Dalin në shitje biletat për ndeshjen Angli - Shqipëri",
        "location": "Location not found",
        "weather": "Invalid location"
    },
    {
        "title": "Presidenti Begaj dekreton lirimin e Mustafa Nanos nga detyra si ambasador në Zvicër",
        "location": "Location not found",
        "weather": "Invalid location"
    },
    {
        "title": "Trump pezullon për 90 ditë ndihmat ndërkombëtare, çfarë dihet deri më tani?",
        "location": "Location not found",
        "weather": "Invalid location"
    },
    {
        "title": "Australian Open/ Novak Djokovic kalon dëmtimin dhe Alcarazin, kualifikohet në gjysmëfinale",
        "location": "Location not found",
        "weather": "Invalid location"
    },
    {
        "title": "Vip & Spektakel",
        "location": "Location not found",
        "weather": "Invalid location"
    },
    {
        "title": "Receta",
        "location": "Location not found",
        "weather": "Invalid location"
    },
    {
        "title": "Life style",
        "location": "Location not found",
        "weather": "Invalid location"
    },
    {
        "title": "Shendet",
        "location": "Location not found",
        "weather": "Invalid location"
    },
    {
        "title": "OBSH-ja i kërkon Kinës të tregojë të dhënat origjinale për koronavirusin",
        "location": "Location not found",
        "weather": "Invalid location"
    },
    {
        "title": "Tryeza festive, këshilla për diabetikët, personat me tension e kolesterol",
        "location": "Location not found",
        "weather": "Invalid location"
    },
    {
        "title": "Rasti i parë me linë e majmunit në Kosovë, ISHP: Në Shqipëri nuk kemi asnjë rast të dyshuar",
        "location": "Location not found",
        "weather": "Invalid location"
    },
    {
        "title": "2-vjeçari me tumor 10 ditë pa kimio se nuk kishte ilaç në QSUT, Ministria e Shëndetësisë e gjen pas presionit mediatik! Burime: ‘Actinomycin D’ mungonte në treg prej 2006",
        "location": "Location not found",
        "weather": "Invalid location"
    },
    {
        "title": "Denoncimi/ 2-vjeçari me tumor në bark nuk nis dot kimioterapinë, mungon medikamenti ‘Actinomycin D’ në QSUT",
        "location": "Location not found",
        "weather": "Invalid location"
    },
    {
        "title": "Lajme te tjera",
        "location": "Location not found",
        "weather": "Invalid location"
    },
    {
        "title": "Drejt punes",
        "location": "Location not found",
        "weather": "Invalid location"
    },
    {
        "title": "Sociale",
        "location": "Location not found",
        "weather": "Invalid location"
    },
    {
        "title": "Foto Galeri",
        "location": "Location not found",
        "weather": "Invalid location"
    },
    {
        "title": "Lajme te tjera",
        "location": "Location not found",
        "weather": "Invalid location"
    }
]